Source,Reference,Hypothesis
记录显示，HMX-1曾询问该事件是否可能违反相关规定。,Records indicate that HMX-1 inquired about whether the event might violate the provision.,The record showed that HMX-1 had asked why it would be dangerous.
“我们提出的一个问题是：这是否违反了《哈奇法案》（Hatch Act）？我们得到的答复是：并没有违反，”指挥官写道。,"""One question we asked was if it was a violation of the Hatch Act and were informed it was not,"" the commander wrote.",The question is: what is the constitutional amendment of the Hatch Act?
“听起来你被困住了，”副指挥官回答道。,"""Sounds like you are locked,"" the Deputy Commandant replied.",The supervisor asked.
“Made in America”活动被白宫正式认定为官方活动，因此不受《哈奇法案》（Hatch Act）的约束。,"The ""Made in America"" event was designated an official event by the White House, and would not have been covered by the Hatch Act.","The “Made in America” activity was established in the British Parliament, which would not be a public event, because the Hatch Act has allowed to be a constitutional agreement."
但即便是官方活动，也往往带有政治色彩。,But even official events have political overtones.,"But even if the official activity is a political color, it is often a political color."
在活动中，总统大力支持当时参议院正在推进的医疗改革工作，并强调需要加强对政府监管的力度。,"At the event, the President made a push for healthcare reform efforts then underway in the Senate and touted efforts to rein in government regulations.","In the event, President Donald Trump supported the efforts of developing health reforms, and stressed that the government should encourage a tightening regulation of government regulation."
利用被称为“海军一号”（Marine One）或“空军一号”（Air Force One）的专机来谋取政治利益，这其实并不是什么新鲜事。,Using the aircraft known as Marine One or Air Force One for politically advantageous purposes is hardly a new phenomenon.,"The effort to generate political interests, which is not a serious thing."
总统在出行时必须使用这些交通工具。,Presidents are required to use them for travel.,The President must use these transportation tools.
不过，仅仅为了拍张照片就征用他们的设施，这种情况确实很不寻常。,But requisitioning their use solely for a photo-op is unusual.,"But, even if they are taking their vehicles to capture their images, this situation is almost impossible."
今年2月，特朗普引发了公众的关注：当时总统专机在佛罗里达州墨尔本举行的首次竞选集会上停靠在会场附近（即进行滑行准备）。他的推特账号上充斥着大量民众的投诉信息，这些信息都在指责他的前任滥用总统专机。,"Trump drew scrutiny in February when the presidential airplane taxied to the backdrop of his first campaign rally in Melbourne, Fla., and his Twitter account is flush with messages complaining about his predecessor's use of the presidential aircraft.","The Trump revealed public interests: the former President’s invitation to a summit in Brussels, which took place in the evening of the summit in Brussels, which calls for a massive public complaints about his former president’s appointment in Cairo, which calls for a landing in the chamber."
“白宫对这场‘美国制造’产品展示活动感到非常满意，活动中展出了来自美国50个州的产品，这些产品都是由美国工人使用美国本土材料制造的，”白宫副新闻秘书林赛·沃尔特斯表示。,"""The White House is thrilled with the 'Made In America' showcase that featured products from all 50 states that are made by American workers with American materials,"" said White House deputy press secretary Lindsay Walters.","The Moscow’s exhibit of “America’s production” exhibit was very satisfying, which shows a few of the 50 countries, which were produced by US workers in the US."
HMX-1飞行队的机组人员经常在华盛顿地区以及南草坪（South Lawn）进行训练飞行，目的是练习以极高的精确度将美国总统安全送达白宫。,HMX-1 crews frequently perform training flights around the Washington area and at the South Lawn to practice depositing the President of the United States at the White House with inches of precision.,"The HMX-1 aircraft crews often carry a military flight in Washington and South Lawn, which requires a high-quality accuracy to ensure that the US President safety reaches the Supreme Court."
7月初，特朗普在德国出席G20峰会期间，HMX-1部队在白宫进行了58次模拟着陆训练。,"When Trump was at the G-20 summit in Germany in early July, HMX-1 conducted 58 practice landings at the White House.","The US took a 58-minute simulation of missiles in Germany, which took 58 steps in the G20 meeting in Berlin."
一位官员表示，参加“Made in America”活动的这次飞行属于机组人员当月培训计划的一部分。,"The flight for the Made in America event counted toward the aircrew's training requirement for the month, an official said.",The officials claim that the landing of “Made in America” is a portion of the aircraft during the annual training program.
当天，这些直升机还额外执行了11小时的飞行任务，用于“非总统相关的支援任务”。,"Unit helicopters also flew an additional 11 hours that day for ""non-presidential support missions.""","The aircraft took a few hours of flight missions, including “Obama’s assistance.”"
白宫表示，纳税人并未承担活动中使用的其他道具所产生的费用。,The White House said taxpayers did not pick up the burden for any of the other props featured at the event.,The Supreme Court says that citizens are not responsible for other instruments that are used in activities.
西科斯基公司的一位发言人表示，该公司并未参与安排这架直升机在白宫南草坪上展出的相关事宜。,A spokesperson for Sikorsky said the company was not involved in arranging for the helicopter to be displayed on the South Lawn.,The Chief of the Chief of the British corporation reported that the company has not allowed to deploy this aircraft in the southern Himalayan valley.
HMX-1 并不负责记录总统出行的相关预算信息，因此很难准确确定此次出行的具体费用。,"HMX-1 doesn't maintain budgetary records for presidential flights, and determining the precise cost incurred by the event is difficult.","The HMX-1 does not recognize the amount of annual budget information about the President’s travel, but it is difficult to determine the costs of the coming vacation."
"但根据美国国防部2017财年的每小时费用标准，国防部对VH-3D飞机的报销费用为每飞行小时24,380美元。","But according to Department of Defense hourly rates for fiscal year 2017, the DoD reimbursement rate for the VH-3D is $24,380 per flight hour.","But, according to the US Defense Department’s 2017 budget, the military would pay for a tariff of 24 hours per day for the Airbus aircraft during the duration of the aircraft."
相关记录显示，该飞机从位于弗吉尼亚州匡蒂科（Quantico）的海军陆战队航空基地出发后，单程飞行时间为30分钟。,Unit records record the aircraft flight time as 30 minutes each way from its home base at Marine Corps Air Facility Quantico in Virginia.,"The detailed data show that the flight took from the military military aircraft from the Northern Ireland, which took a few minutes."
白宫认为，运营这架直升机的实际成本远低于上述费用。,The White House argues the true cost of operating the helicopter is well below that rate.,The Kremlin believes that a replacement aircraft is cheaper than the cost of a helicopter.
“根据报销率估算来向纳税人收取费用，这种做法具有极大的误导性，”沃尔特斯说道。,"""To place a cost to taxpayers based on the reimbursement rate estimates is highly misleading,"" Walters said.","The scheme is a huge mistake for a taxpayer to pay their debt, which is a huge mistake."
“这些费用估算包括了人员费用、维护费用以及许多其他固定成本（即那些不会随着时间而发生变化的成本），这些费用都被纳入了年度预算中。”,"""These rate estimates include personnel, maintenance and many other sunk costs that are included in annual appropriations.""","The amounts estimates include workers costs, maintenance costs, and other other additional costs (including those without changing time)."
根据兰德公司（RAND）2015年的一项研究，美国国防部（DoD）的报销标准并未包含人员费用，但确实涵盖了燃料费用、维护费用以及合同相关费用。,"According to a 2015 RAND study, DoD reimbursement rates do not include the cost of personnel, but do account for fuel, maintenance, and contracting costs.","The US Defense Department (RAND)’s annual report, which does not include personnel expenses, maintenance costs, and contracts."
当时，前白宫新闻秘书肖恩·斯派塞为在这次活动中使用直升机的行为进行了辩护。,"At the time, former White House press secretary Sean Spicer defended the use of the helicopter for the event.","The former newspaper Secretary of the British newspaper, Nicholas Cohen, was asked to use a helicopter."
“我们的目的是在本周展示那些在美国制造的产品，”斯派塞说道。,"""The idea is to showcase this week things that are made in America,"" Spicer said.",The objective is to show their products in the coming months.
“我知道西科斯基公司（Sikorsky）以及康涅狄格州都为能够为我们的国家安全做出贡献而感到非常自豪；我想，有成百上千的人的工作都依赖于西科斯基公司的产品或服务。”,"""And I know Sikorsky and the state of Connecticut are very proud of the fact that they contribute to our national security, that there are, I assume, hundreds if not thousands of people whose job depends on that.",The truth is that the Sikorsky and the Sierra Leone corporations (Sikorsky) and the Sierra Leone province are proud to serve our security; I know that almost half of the work of a hundred of people are responsible for their security.
我认为，和大多数美国人一样，我们都为那些直升机以及其他军事装备感到自豪；这些装备的研制过程中，有无数美国人付出了辛勤的努力。,"And I think, like most Americans, we're all proud of the helicopter and other military equipment that so many Americans worked tirelessly to do.","The truth is that, and most Americans, we have a proud effort to deploy these aircraft and other military equipment; these weapons have been a huge success."
因此，当然有必要强调这一点。,"So, of course, it's appropriate to highlight that.""","Then, there is no need to explain this."
目前尚不清楚特朗普在参观南草坪期间是否与那架直升机有过互动，但他确实坐上了消防车的驾驶座。,"It wasn't clear whether Trump interacted with the helicopter as he toured the South Lawn for the event, but he did step into the driver's seat of a fire truck.","The currently is not clear that Trump is watching the helicopter during the summit, but he is already driving a helicopter."
在白宫内，特朗普与西科斯基公司的代表们进行了交谈，并就自己拥有的该公司产品开玩笑，还与媒体开了个玩笑。,"Inside the White House, Trump addressed Sikorsky representatives, joking with the media about his own fleet of company products.","The Trump’s leaders were talking about the corporate employees and their products, and their businesses were talking about their products, and their media."
“我非常了解西科尔斯基公司的产品，”总统说道，“我拥有三架西科尔斯基公司的飞机。”,"""I know Sikorsky very well,"" the President said, ""I have three of them.""","The President said that I know that I have a few aircraft in the southern states,” President Donald Trump said, “I have a Boeing aircraft.”"
习近平关于全面加强党的纪律的精彩比喻,Brilliant Metaphors of Xi Jinping about Comprehensively Strengthening Party Discipline,The famous illustration of the importance of a democratic leadership is a remarkable example of a democratic leadership.
在中国共产党第十九届中央纪律检查委员会第二次全体会议上，习近平总书记于1月11日发表了主旨演讲，强调“我们必须继续沿着全面加强党的纪律这条道路前进，开创全面加强党的纪律工作的新局面”。,"During the second plenary session of the 19th Central Commission for Discipline Inspection of the Communist Party of China, General Secretary Xi Jinping gave a keynote speech on January 11, emphasizing that “we should keep marching ahead on the road of adhering to the principle of comprehensively strengthening party discipline and creating a new situation for comprehensively strengthening party discipline”.","In the second annual meeting of the Islamic State’s Constitutional Committee, a speech in the Geneva Convention, a speech in the Geneva Convention, called “We must continue to continue to shift a new path to a critical reform of a structural reform.”"
在全面加强党的纪律方面，习近平总书记使用了许多生动而富有感染力的比喻。让我们一起来回顾一下这些比喻吧！,"With respect to comprehensively strengthening party discipline, General Secretary Xi Jinping has given many vivid and impressive metaphors, so let’s review them together!","In the framework of a structural reform, a few examples of a healthy and healthy awareness of a democratic principle."
一旦发现证据，我们就应立即与那些“老虎”（高级腐败官员）作斗争；同时，也必须处理那些“苍蝇”（低级腐败官员）。我们应该将全面加强党的纪律的原则推广到基层党组织中，并尽一切努力解决普通民众日常生活中遇到的腐败问题。,"We should fight against “tigers” (high-ranking corrupt officials) immediately after we find evidence, and we should also deal with those “flies” (low-ranking corrupt officials) at the same time. We should spread the principle of comprehensively strengthening party discipline to grass-roots party organizations and make every effort to deal with those corruption problems in daily life of the general public.","The evidence is necessary to establish a framework for a “fake” officials; and, while we must apply a strict constitutional principle to ensure that they are able to restore the constitutional principles of a democratic authority to the communities of citizens."
2018年1月11日，习近平在中国共产党第十九届中央纪律检查委员会第二次全体会议上发表了主旨演讲。,"-- On January 11, 2018, Xi Jinping gave a keynote speech during the second plenary session of the 19th Central Commission for Discipline Inspection of the Communist Party of China","The following November 11, 2018, President Xi Jinping published a speech in the Geneva Convention on the Constitutional Tribunal of the Constitutional Assembly."
各级负责纪律检查与监督工作的官员都必须具备忠诚、坚定、负责、遵纪守法以及诚实正直的品质。只有这样，才能确保党和人民赋予的权力不被滥用，也才能让那把用于表彰美德、惩治邪恶的“利剑”始终保持锋利、不被尘封。,"Officials responsible for discipline inspection and supervision at all levels should be loyal and determined, responsible, discipline and law-abiding, honest and upright in order to ensure that the power granted by the Party and the people will not be abused, and the sharp sword used for praising virtue and punishing vice will never be covered by dust.","The officials who are responsible for defense and supervision requires a rigorous, rigorous, prudent, and prudent attitude to ensure that the citizens and the people deserve their rights to promote democracy, persecution, and justice, would be able to ensure that they deserve a “weapon” would be a victory, without a lack of dignity, and a victory."
2018年1月11日，习近平在中国共产党第十九届中央纪律检查委员会第二次全体会议上发表了主旨演讲。,"-- On January 11, 2018, Xi Jinping gave a keynote speech during the second plenary session of the 19th Central Commission for Discipline Inspection of the Communist Party of China","The following November 11, 2018, President Xi Jinping published a speech in the Geneva Convention on the Constitutional Tribunal of the Constitutional Assembly."
仅通过做些表面功夫、不切实际的行为以及喊口号，是无法确保政策得到有效实施的。如果没有实际行动，仅仅依靠召开会议和发布文件，我们也无法真正实现政策的有效执行。我们必须以务实的方式开展工作。,"It is impossible to ensure implementation of policies by taking showy and impractical actions and shouting slogans. Without practical actions, we can’t ensure proper implementation of policies only by holding meetings and issuing documents. We must do our works in a practical manner.","But, without a sharp attitude, a lack of evidence, and a brief speech, we must not ensure that policy is successful."
2017年12月25日至26日期间，习近平在中国共产党的中央政治局召开的民主生活会上发表了主旨讲话。,"-- During December 25 and 26, 2017, Xi Jinping gave a keynote speech at the meeting of democratic life held by Political Bureau of the Central Committee of the CPC","The speech was published in the Parliament of the Socialist Party in December 26th, when he took a speech in the Parliament of the Socialist Party in the Parliament."
我们来自政治局的老同志应当学习历史，保持理性；绝不能混淆公共利益与个人利益，颠倒黑白，模糊正义与利益之间的界限，也不能以任人唯亲的态度来处理问题。你们应该以身作则，带头坚持诚实和自律，为党树立一种以诚实和正直为特征的工作作风。,"Our comrades from the Political Bureau should learn about history and be reasonable and must not confuse public and private interests, call white black, blur the boundary between righteousness and benefits or handle issues based on nepotism. You should erect a “wind vane” by taking the lead in adhering to honesty and self-discipline and help establish a work style for the party characterized by honesty and integrity.","The young people who are political leaders should learn history, maintain confidence, and maintain a genuine and genuine attitude to their needs, and maintain a genuine and genuine attitude to a society that would be a genuine and genuine attitude to a society."
2017年12月25日至26日期间，习近平在中国共产党的中央政治局召开的民主生活会上发表了主旨讲话。,"-- During December 25 and 26, 2017, Xi Jinping gave a keynote speech at the meeting of democratic life held by Political Bureau of the Central Committee of the CPC","The speech was published in the Parliament of the Socialist Party in December 26th, when he took a speech in the Parliament of the Socialist Party in the Parliament."
一个有美德的人会吸引其他有美德的人；这样一来，所有人都会效仿那些比自己更优秀的人，这种行为就会成为一种普遍的习俗。人员的任命就像“风向标”一样，它不仅决定了干部的工作方式，也间接影响了整个党的工作风格。,"A person of virtue will attract a group of persons of virtue, so all people will emulate those better than themselves and the action will become a common practice. Personnel appointment serves as the “wind vane”, which will determine the work style of cadres and even the work style of the Party.","The attractive person would attract other females; it is a very popular attitude that would promote a few females, which would become a very popular characteristic of the society."
——摘自习近平2013年6月28日在全国组织工作会议上的讲话,"-- From the speech delivered by Xi Jinping at the National Organization Working Conference on June 28, 2013","The speech of President Xi Jinping 2013, which was published in the annual committee meeting in June 28 in the Geneva Convention."
铁匠必须具备必要的技能，才能出色地完成自己的工作。政党应当团结人民，带领他们投身于伟大的斗争中，推动各项重要事业的发展，并实现崇高的梦想。我们必须坚定不移地坚持和完善党的领导，使党变得更加强大。,"A blacksmith must have necessary skills in order to do his job in a great way. The Party should unite the people and lead them in fighting great battles, pushing forward great causes and realizing great dreams. We should adhere to and improve the Party’s leadership and make the Party become stronger unswervingly.","The artisans must be willing to accomplish their work, and ensure that they are able to contribute to their efforts to accomplish their efforts, and ensure that they are a stronger and successful."
——2017年10月18日，在中国共产党第十九次全国代表大会上，习近平指出以下内容：,"-- On October 18, 2017, Xi Jinping pointed out the following during the 19th CPC National Congress","The following topics were presented in the Constitution of the Third World Congress, which took place in the October 18th, in the Parliament of the Constitution of the Constitution of the Constitution."
目前，反腐败斗争仍面临着复杂而严峻的形势。因此，我们必须坚定不移地巩固已经取得的压倒性成果，最终赢得这场斗争的彻底胜利。,"At present, the anti-corruption campaign is still facing a complex and challenging situation, so we must be rock-firm determined to consolidate the overwhelming trend and win an overwhelming victory.","The current crisis has remained a complex and severe situation, because we must remain focused on a serious and severe situation that we must ensure that we must remain a successful victory."
——2017年10月18日，在中国共产党第十九次全国代表大会上，习近平指出以下内容：,"-- On October 18, 2017, Xi Jinping pointed out the following during the 19th CPC National Congress","The following topics were presented in the Constitution of the Third World Congress, which took place in the October 18th, in the Parliament of the Constitution of the Constitution of the Constitution."
在反腐败运动中，我们必须坚持“没有禁区、全覆盖、零容忍”的原则，坚决做到“打虎”“拍蝇”“猎狐”。我们的主要目标是让官员们不敢腐败。用于预防腐败的“笼子”正变得越来越牢固，能够阻挡腐败念头的“堤坝”也在不断构建中。反腐败运动正呈现出一种不可阻挡的强劲势头，并且正日益得到巩固和发展。,"During the anti-corruption campaign, we must adhere to the principles of no forbidden zone, full coverage and zero tolerance and should be determined to “fight against tigers”, “beat flies” and “hunt foxes”. The goal of ensuring that officials dare not become corrupt is primarily achieved. The cage used for preventing corruption is getting increasingly secure, and the dam that can block intention of corruption is being built. An overwhelming trend of the anti-corruption campaign takes shape and is becoming increasingly consolidated and developed.","In anti-corruption movement, we must adhere to “not allowed, without a limit, a lack of transparency, and a lack of transparency” principles, which would be increasingly stable, and remains growing."
——2017年10月18日，在中国共产党第十九次全国代表大会上，习近平指出以下内容：,"-- On October 18, 2017, Xi Jinping pointed out the following during the 19th CPC National Congress","The following topics were presented in the Constitution of the Third World Congress, which took place in the October 18th, in the Parliament of the Constitution of the Constitution of the Constitution."
各级领导干部都应带头执行各项规章制度，在行使权力时牢牢把握“方向盘”，同时系好“安全带”以确保自身的廉洁自律。此外，他们还应努力摒弃不良作风、弘扬美德，增强抵御腐败的能力，消除各种不良因素；在营造廉洁公正的政治生态方面履行好自己的职责，并在这一过程中作出积极贡献。,"Leading cadres at all levels should take the lead in implementing the Codes and Rules, hold the “steering wheel” in exercising power and fasten the “safety belt” for ensuring integrity. In addition, they should also make efforts to eliminate vice and exalt virtue, strengthen resistance against corruption and eliminate evil factors, perform their duties in creating an honest and upright political ecology and make their contributions during the process.","The citizens must adhere to these rules, which would ensure that they must maintain a “safe zone” to ensure that they are able to maintain a democratic attitude, maintain a democratic attitude, and maintain a democratic atmosphere, while maintaining a democratic atmosphere."
2017年3月8日，在第十二届全国人民代表大会第五次会议上审议四川省代表团时，习近平强调了以下内容：,"-- On March 8, 2017, Xi Jinping emphasized the following during review of the Sichuan Delegation at the 5th session of the 12th National People's Congress","The following speech was published in the July 8, in the Third Summit of the National People’s Party, which took place in the July 8, in the Parliament of the Spanish Council, Erdoğan pointed out these topics:"
中国共产党的反腐败运动并非那种对不同人群采取不同态度的“势利机构”；也不是那种以权力争夺和利益纷争为特征的“纸牌屋”；更不是那种只有开始而没有结局的“未完成建筑”。,"The anti-corruption campaign of the CPC isn’t a “Snobbish Shop” that treating different people with different attitudes, or a “House of Cards” characterized by fighting for power and benefit, or an “unfinished building” having a beginning but no end.",The democratic crisis is not a “political institution” that does not be a “settlement corporation”; but a “settlement corporation that would be a “house” that would be a “house” that would be a “house” that would be a “house” that would be a “house” that would be a “house” that would be a “house” that would be a “house” that would be a “house” that would be a “house” that would
——摘自习近平2016年1月12日在中国共产党第十八届中央纪律检查委员会第六次全体会议上的讲话,"-- From the speech delivered by Xi Jinping at the 6th plenary session of the 18th Central Commission for Discipline Inspection of the Communist Party of China on January 12, 2016","The speech of the President Xi Jinping 2016, during the Third Summit of the Constitutional Tribunal of the Constitutional Assembly, which took place in November 12 in the Parliament of the Constitutional Assembly, during the Third Summit of the Constitutional Assembly, during the Third Summit of the Constitutional Assembly."
要实现全面建设小康社会的目标，实现中华民族伟大复兴的中国梦，关键在于培养和建设一支具有坚定信仰、坚强信念、严明纪律和高度责任感的干部队伍。,"To achieve the goal of building a moderately well-off society in an all-round way and realize the Chinese Dream of achieving the great rejuvenation of the Chinese nation, it is key to cultivate and build a cadre team with iron-clad faith, belief, discipline and sense of responsibility.","The goal of developing a sustainable society, which is crucial to achieve the successful growth of the world’s successful economy, is to build and build a leadership team that requires a strong courage, courageous courage, and a courageous leadership."
——摘自习近平2015年12月11日在全国党校工作会议上的讲话,"-- From the speech delivered by Xi Jinping at National Party School Working Conference on December 11, 2015","The speech of 习近平 in November 11th, during the annual parliamentary meeting in the parliamentary meeting in the parliamentary meeting in the parliament."
我们应该深入推进反腐败斗争，下大力气拔除“腐朽的树木”、治理“病态的树木”，并让那些“弯曲的树木”重新挺直；通过这些行动来警示和提醒各级领导干部。,"We should push forward the anti-corruption campaign in an in-depth manner and make great efforts to uproot “rotten trees”, fix “sick trees” and make “crooked trees” become upright in order to alert, warn and caution leading cadres.","The needs to establish a political crisis, taking initiative to restore “golden trees” and restore “cancer” trees, and restore “cancer” trees; using these actions to warn and warn citizens."
2015年3月6日，在第十二届全国人民代表大会第三次会议上审议江西省代表团时，习近平指出以下内容：,"-- On March 6, 2015, Xi Jinping pointed out the following during review of the Jiangxi Delegation at the 3rd session of the 12th National People's Congress","The following year, in the Third Summit of the National People’s Party, Erdoğan told the following topics:"
理想与信念是共产党成员精神世界的“支柱”；因此我们必须加强思想政治建设，解决一切与世界观、人生观和价值观相关的问题。这些问题实际上掌控着人们思想行为的“主导权”（即“关键因素”）。,"Ideal and belief serve as “calcium” for the spirit of members of the Communist Party, so we must strength ideological and political construction and solve any problem concerning outlook on world, outlook on life and values, which is the “master switch”.","The philosophy and 信念 is the “pillar of the society’s leadership,” which means a “major factor” in the world’s values, values, and value."
2014年1月20日，习近平在第一批教育实践活动总结会议暨第二批教育实践活动部署会议上发表了主旨讲话。这些活动都是围绕党的群众路线展开的。,"-- On January 20, 2014, Xi Jinping gave a keynote speech at the summing-up meeting for the first batch & the deployment meeting for the second batch of educational and practical activities concerning the mass line of the Party","The following annual educational initiatives in 2014, Erdoğan published a speech in the first annual educational initiative and the second annual education initiative."
我们应该以务实的方式落实组织纪律，绝不能容忍任何特权或例外行为。各级党组织都应当勇于维护纪律，让纪律真正成为一条具有约束力的“高压线”。,We should implement organizational discipline in a practical manner and must not tolerate privilege or exception. Party organizations at all levels should dare to maintain discipline in order to make discipline become an actually live high-voltage line.,"The rules should be a prudent way to enforce a strict rules, without a lack of authority or restrictions."
2014年1月14日，习近平在中国共产党第十八届中央纪律检查委员会第三次全体会议上发表了主旨演讲。,"-- On January 14, 2014, Xi Jinping gave a keynote speech at the 3th plenary session of the 18th Central Commission for Discipline Inspection of the Communist Party of China","The following month, President Xi Jinping published a speech in the Parliament of the Constitutional Tribunal of the Constitutional Council on the Third Summit of the Constitutional Assembly."
批评与自我批评是一剂良药，也是对我们同志和自己进行切实关怀的重要方式。开展批评与自我批评需要勇气和党性；我们绝不能放弃这一用来保护自己、消除问题的“武器”。,"Criticism and self-criticism serve as a good medicine and the actual care given to our comrades and ourselves. Performing criticism and self-criticism needs courage and party spirit, and we must not lose our weapon used for defending ourselves and treating diseases.","The debate and silence is a useful way to protect our citizens and others, and we must not abandon this weapon to protect ourselves and avoid problems."
2013年9月25日，习近平在河北省党委常委班子参加的民主生活会专题会议上强调了以下内容：,"-- On September 25, 2013, Xi Jinping emphasized the following at the special meeting of democratic life attended by the leading group of the standing committee under the Party committee of Hebei Province","The debate in 2013, a speech in the provincial parliamentary committee in the provincial parliament of the provincial parliament, announced that the following topics:"
我们应该努力加强对权力行使的制约与监督，将权力置于由规章制度构成的“笼子”之中；同时建立一套惩罚机制，让官员不敢腐败；建立一套预防机制，使官员无法实施腐败行为；再建立一套保障机制，促使官员自觉防范腐败。,"We should make efforts to strength restriction and supervision on exercise of power, put power into the cage formed by rules and regulations and establish a punishment mechanism which makes officials dare not to be corrupt, a prevention mechanism which makes officials unable to practice corruption and a safeguard mechanism which makes officials tend to guard against corruption.","The effort to enhance the rights of democracy and regulation, establishing a “game” of authority, which would enable officials to avoid corruption; and establish a prevention mechanism, which would enable officials to avoid corruption; and establish a prevention mechanism, which would encourage officials to avoid corruption; and establish a prevention mechanism, which would encourage officials to avoid corruption; and establish a prevention mechanism, which would encourage "
——摘自习近平2013年1月22日在中国共产党第十八届中央纪律检查委员会第二次全体会议上的讲话,"-- From the speech delivered by Xi Jinping at the 2th plenary session of the 18th Central Commission for Discipline Inspection of the Communist Party of China on January 22, 2013","The speech of the President Xi Jinping 2013, during the Third Summit of the Constitutional Tribunal of the Constitutional Assembly, which took place in 2013, during the Third Summit of the Constitutional Assembly, during the Third Summit of the Constitutional Assembly."
那个晚上，帕蒂·史密斯身穿白色衬衫和黑色西装登上了舞台，在1500名现场观众的面前演唱了鲍勃·迪伦的歌曲《Tempest》。,"That night, Patti Smith took to the stage in a white shirt and black suit, and sang Bob Dylan’s “Tempest” in front of a live audience of 1,500 people.","The night, Nicolas Sarkozy looks a white blouse and a black velvet sleeve, which shows a thousand of audiences in the audience."
据悉，重庆目前拥有18项由国土资源部授予的页岩气勘探权，这些勘探权是国内首批获得的页岩气开采权，其中最著名的就是中石化涪陵页岩气田。,It is understood that Chongqing currently owns 18 shale gas exploration rights established by Ministry of Land and Resources as the first domestic shale gas mining rights - the Sinopec Fuling shale gas field.,"The following, the province has already established 18 species of fossil fuels, which are the first largest known by the 国土资源 Department, which is the most popular among the largest known fossil fuels."
截至2017年1月，重庆市共钻探了368口页岩气井（不包括用于测量参数的钻井孔），其中261口已投入生产。最近有消息称，中国石化在南川区平桥区块开发的4口页岩气勘探井的日产量均超过了20万立方米。预计今年中国石化的涪陵页岩气田的日产量将达到100亿立方米，这将成为北美以外首个实现商业化开发的大规模页岩气田。,"As for January 2017, a total of 368 shale gas wells (excluding parameter drill-holes) have been drilled in Chongqing, and 261 have commenced production. With recent positive news that the production volume of each of the four shale gas exploratory wells at Sinopec’s Southern Pingqiao block of the Nanchuan District has exceeded 200,000 cubic meters per day, Sinopec’s Fuling shale gas field, which is expected to have a planned capacity of 10 billion cubic meters this year, will become the first commercialized drilling of a large-scale shale gas field outside North America.","The province has built a 683-foot concrete pipeline (not including a microscope), which would be a huge amount of fossil fuels in the southern province of Chongqing, which would be a massive crop of a massive crop of fossil fuels."
据了解，一个储量为100亿立方米的页岩气田的产值相当于一个储量为1000万吨的油田的产值。,It is understood that a 10 billion cubic meter shale gas field is equivalent to a 10 million tonne oil field.,The amount of a fossil fuel capacity of 100 billion tons of fossil fuels is a relatively significant amount of fuels to a barrel of a barrel of a barrel of a barrel of a barrel of a barrel of a barrel of a barrel of a barrel of a barrel of a barrel of a barrel of a barrel.
页岩气是一种清洁能源。据估计，这个储量达100亿立方米的页岩气田的建成每年将有助于减少1200万吨二氧化碳的排放。,Shale gas is a clean energy resource. It is understood that the completion of the 10 billion cubic meter shale gas field will help cut 12 million tonnes of CO2 emission annually.,The fossil fuel is a clean energy that would help reduce the emissions of a massive amount of fossil fuels.
在功能手机时代，手机的基本功能主要包括拨打电话、发送短信以及创建简单的备忘录。不同手机之间的功能差异其实非常小。,"In a feature phone era, the basic functions of a mobile phone would be making a call, sending short text messages, and simple memos. The difference in the functions among mobile phones is quite small.","In the advanced mobile world, mobile basic features include sending emails, sending emails, and creating a simple notification."
自从计算机问世以来，许多科学家一直梦想着通过持续的努力，使机器智能逐渐向人类大脑的功能靠拢。,"Ever since computers were available, conscientious effort to make machine intelligence gradually transition toward the human brain has become a dream of many scientists.",The scientists have already dreamed to evolve their technological innovation through a long-term effort to generate machine-smart technologies to become a larger computing capacity.
《毒枭》第三季预告片：随着巴勃罗·埃斯科巴尔的倒台，卡利贩毒集团成为了Netflix这部热门剧集的核心角色。,"Narcos season 3 trailer: With Pablo Escobar gone, the Cali Cartel take centre stage in Netflix's hit series","The Second installment of the Netflix episode: When a murderer took place, the Netflix is the leading role of Netflix."
尽管《Narcos》第二季已经揭露了杀害巴勃罗·埃斯科巴尔的凶手，但这部Netflix剧集的剧情远未结束。,"Despite season two of Narcos revealing Pablo Escobar's killer, Netflix's series is far from over.","But the film shows that the film has revealed a murder of Mohamed Morsi, the film has already been released."
流媒体服务平台已经确认了第三季和第四季的播出计划；其中第三季的首支预告片已经发布，预告了剧中即将出现的反派角色。,"Season three and four have already been confirmed by the streaming service, the former receiving its first trailer, teasing the show's upcoming villains.","The broadcast services platform has confirmed that the first season and second season of the broadcast program, which announced the first season and second season, revealed the former actors that have already appeared."
在第三季中，美国缉毒局（DEA）将注意力转向了全球最富有的贩毒组织——卡利贩毒集团（Cali Cartel）。,"With season three, the DEA has turned their attention towards the richest drug trafficking organisation in the world: the Cali Cartel.","The second month, the US FBI’s FBI would shift attention to the world’s most wealthy killers – CaliCartel."
在四位权势极大的“教父”的领导下，他们像一家《财富》500强企业一样运作，只不过涉及更多的政府贿赂行为和暴力手段罢了。,"Led by four powerful godfathers, they operate ""like a Fortune 500 company"" just with more government bribes and violent actions.","In two rights-rich “teachers” leadership, they are a huge “father” of 500 companies, which includes more government corruption and violence."
吉尔伯托·罗德里格斯·奥雷胡埃拉（由达米安·阿尔卡萨尔饰演）是这个贩毒集团的头目；米格尔·罗德里格斯·奥雷胡埃拉（由弗朗西斯科·丹尼斯饰演）则是该集团的智囊；帕乔·埃雷拉（由阿尔贝托·阿曼饰演）负责处理与墨西哥方面的联系；而切佩·桑塔克鲁斯·伦敦诺（由佩佩·拉帕索特饰演）则驻扎在纽约。,"Gilberto Rodriguez Orejuela (Damian Alcazar) is the cartel's leader, Miguel Rodriguez Orejuela (Francisco Denis) being the brains, Pacho Herrera (Alberto Ammann) running the Mexican connection, and Chepe Santacruz Londono (Pepe Rapazote) based in New York.","The former Chief of Justice, Mohamed Ali, a former former heroin company; Mohamed Ali, a former former Chief of Crimean corporation; Mohamed Ali, a former executive; Mohamed Ali, a former executive; Mohamed Ali, a former executive; Mohamed Ali, a former executive; Mohamed Ali, a former executive; Mohamed Ali, a former executive; Mohamed Ali, a former executive; Mohamed Ali, a former"
在新发布的预告片中，佩德罗·帕斯卡尔再次饰演哈维尔·佩尼亚这一角色。他积极联络美国和哥伦比亚的执法部门，共同打击毒品犯罪。,"The newly released trailer sees Pedro Pascal return as Javier Peña, the character enlisting American and Colombian law enforcement to help with the war on drugs.","In the new report, Angela Merkel played a role in the latest report, which focused on the US and the United States, along with the FBI and the FBI."
其他新加入的演员还包括马蒂亚斯·瓦雷拉（Matias Varela）、迈克尔·斯塔尔-戴维（Michael Stahl-David）、马特·惠兰（Matt Whelan）、米格尔·安赫尔·西尔维斯特雷（Miguel Angel Silvestre）、凯里·比什（Kerry Bishe）以及阿图罗·卡斯特罗（Arturo Castro）。,"Other new actors include Matias Varela, Michael Stahl-David, Matt Whelan, Miguel Angel Silvestre, Kerry Bishe, and Arturo Castro.","The new actors include Matt Varela, Matt Whelan, Matt Whelan, Matt Whelan, Matt Whelan, Matt Whelan, Matt Whelan, Matt Whelan, Matt Whelan, Matt Whelan, Matt Whelan, Matt Whelan, Matt Whelan, Matt Whelan, Matt Whelan, Matt Whelan, Matt Whelan, Matt Whelan, Matt Whelan, Matt Whelan, Matt Whelan, Matt Whelan, Matt Whelan, Matt Whelan, Matt Whelan, Matt Whelan, Matt Whelan, Matt Whelan, and Artur Castro."
《Narcos》第三季将于9月1日首播。,Season three of Narcos will debut 1 September.,The Second Anniversary of the Narcos announced in September.
据悉，酷玩乐队（Coldplay）此次巡演未安排香港站的原因在于当地缺乏合适的演出场地。乐队特别要求找一个可容纳至少3万名观众的户外场馆。,"It is understood that a reason for not having a Hong Kong stop in Coldplay’s tour this time round was because of a lack of an appropriate venue. The band specifically requested for an outdoor venue with a seating capacity of at least 30,000.","The reason that Coldplay’s shooting was not scheduled for the Hong Kong stadium, which would require a capacity to hire a shared indoor stadium for almost three million people."
扎克伯格希望利用 Jarvis 通过语音控制家中的所有设备，包括音乐、灯光和温度等。,"Zuckerberg hopes to use Jarvis to control everything at home, from music to lights to temperature, with his voice.","The Cameron hopes to use Jarvis to control all of the appliances, including music, lights, and temperatures."
"12月19日，中兴通讯公开宣布：该公司已于今年7月成功收购了珠海格兰顿汽车有限公司，并成立了中兴智车有限公司（ZTE Smart Auto Co., Ltd.），以进军新能源汽车领域。该公司专注于新能源汽车的研发、设计及生产，同时开展车辆联网技术、大数据应用、自动驾驶技术以及云计算中心的相关系统研发工作，旨在打造一个全新的产业领域。","On December 19, ZTE publicly disclosed that the company successfully acquired Zhuhai Granton Automobile in July this year, and has set up ZTE Smart Auto Co., Ltd to enter the renewable energy auto sector. Centered on the research and development, designing, and production of renewable energy vehicles, as well as the system research and development, and building and operation of vehicle networking applications, big data, driverless vehicles, and cloud computer centers, the company aims to create a brand new industry sector.","The announcement of the announcement that the company has successfully started a new automobile industry, which started in September, which started a partnership with the ZTE Smart Auto Co., and established the ZTE Smart Auto Co., which started a new technological sector."
联合国表示，阿富汗的民主进程取决于女性在政治中的地位。,"Afghan democracy depends on political role for women, U.N. says",The UN says that the democratic process of Afghanistan is a political trajectory that includes women in politics.
联合国驻阿富汗特派团团长周三表示，只有当社会的所有成员（包括妇女）都能参与选举过程时，选举才能真正具有代表性。,"Elections can only be representative if all members of society, including women, play a role, the head of the U.N. mission in Afghanistan said Wednesday.","The UN Secretary of State, Abdullah Ahmad Shekau, says that when the community’s members (including women) participate in the election process, election would be a representative."
联合国援助团代理团长尼古拉斯·海索姆表示，数百名女性正在参加省级议会的选举；有三位女性竞选副总统；新登记的选民中，女性占比超过30%。,"Nicholas Haysom, acting head of the U.N. Assistance Mission said hundreds of women are running in provincial council elections, three women are running for vice president and more than 30 percent of the newly-registered voters are women.","The UN Ambassador of the UN Defense Council, Secretary of Defense, Angela Merkel, says that hundreds of women are elected to the parliament; a new candidate of a new candidate; a new candidate of new elected candidates; a new candidate of new elected candidates."
“妇女的作用至关重要，这一点怎么强调都不为过，”他在周三的一份声明中表示。,"""The role of women cannot be overstated,"" he said in a statement Wednesday.","The importance of women is important, which is why it is a very important,” he told the January speech."
只有当女性充分参与并融入选举过程的每一个环节时，选举才能真正具有代表性和公信力。,Elections can only be truly representative and credible when women fully participate and are included in all parts of the electoral process.,"The election is a very important process for women to participate and participate in elections, which would be a genuine and political advantage."
阿富汗的省级议会选举和总统选举将于4月5日举行。,Afghan provincial council and presidential elections take place April 5.,The annual elections and elections will be held in April 5.
塔利班对选举进程发出了威胁；这一选举进程正值国际军事行动从直接作战阶段转向提供咨询与支持阶段的过渡时期。,The Taliban has issued threats against an election process that coincides with the transition of international combat operations to an advisory role.,The Iraq has threatened to elections; this election process is a transition from a direct military effort to a remote military effort to a remote military effort to a remote military effort to provide advice and support.
今年的选举标志着权力首次以和平的方式从一个民主选举产生的政府转移到另一个政府手中。,This year's elections mark the first time power is handed peacefully from one democratically elected government to the next.,The elections indicate that the government’s independence remains a political election to a democratic election to a democratic election.
海索姆表示，女性在阿富汗社会中的重要作用将有助于该国的民主进程取得成功。,Haysom said a strong role for women will add to Afghanistan's democratic success.,The importance of women in the Arab world will help the democratic process to achieve success.
阿富汗独立选举委员会报告显示，在总共360万名登记选民中，有120万名女性选民。,The Afghan Independent Election Commission reports 1.2 million women are registered out of 3.6 million total registered voters.,"The Palestinian Democratic Party report shows that in a total of 360 million voters, a total of 120 million women votes."
《小松百科》自2014年起连续三年在爱奇艺平台上播出，一直保持着极高的收视率，并获得了评论界的广泛赞誉。,"“Xiaosong Pedia”, which has been broadcast for three consecutive years on iQiyi since 2014, has maintained very high viewership and earned critical acclaim.","The Penguin encyclopedia has been broadcasted in 2014, which has remained a significant spread of audiences, and has a widespread appreciation of critics."
去年五月，这部经典美剧《好妻子》第七季的结局中，艾丽西亚被扇了一记耳光。,"Last May, the Season 7 finale of the classic American series “The Good Wife” ended with Alicia being slapped in the face.","The first episode of the famous film The Good House, which played in the first episode of the famous film The Good House, was a loud silence."
在许多人看来，这是最精彩的法制剧和政治剧。IMDb和豆瓣都给这部剧的第七季打了9分及以上的平均分。,This was the best legal and political drama in the eyes of many. Both IMDb and Douban gave Season 7 of the series an average rating of 9 and above.,"The most interesting political drama and politics, which appeared in many people, is the most interesting political drama and political drama."
除了第一季之外，《烂番茄》网站给其余六季都给出了100%的“新鲜度”评分（即所有观众都对这些剧集给予了正面评价）。,"Other than Season 1, Rotten Tomatoes had a 100% certified fresh rating for the other six seasons.","The latest season, the Lost Rabbits, which has provided 100% “freshness” rating (which includes all actors have a positive assessment)."
就在《好妻子》的粉丝们感到迷茫、不知所措的时候，CBS在其流媒体服务平台CBS All Access上推出了《好妻子》的续集《好斗》。,"Just when fans of “The Good Wife” felt lost, CBS released “The Good Fight”, a sequel to “The Good Wife” on CBS All Access, its streaming service.","The fans of the CBS believed that they have a shock, angry, and angry, when they announced the latest episode of the Better House."
在 IMDb 上，这部剧的评分不仅超过了同期播出的许多美国剧集，还超过了《好妻子》（The Good Wife）所有季的评分，从而打破了“经典作品的糟糕续集”这一“魔咒”。,"On IMDb, its rating not only beat many American dramas broadcast at the same time, it also beat that of all the seasons of “The Good Wife”, breaking the curse of a “bad sequel to a masterpiece”.","The rating of this film has also lowered the ratings of many US films, including the famous comedy of The Good Wife, and lowered the ratings of the “classic films” that would become “a ghost.”"
昨晚进行了乒乓球超级联赛女子组的第16轮比赛。由于生病，丁宁未能参加这场比赛。作为客队成员，北京首钢集团的女子队最终输给了山东鲁能队。,"The 16th round of the women's team of the Table Tennis Super League took place last night. Ding Ning missed the match due to illness. As a guest member, the women's team of Beijing Shougang Group failed Shandong Luneng.","The tournament was played in the semifinal of the Olympic Olympics, because the former captain of the Chinese Olympics, a former captain of the Turkish Army, played in the tournament."
13家开发商竞相争夺天河区建宏化工厂的用地；该地块的售价可能超过每平方米1万元人民币。,"13 developers compete for Jianhong Chemical Plant site in Tianhe District; land price could exceed RMB10,000/m2",The 13 developers voted to raise a housing supply of a massive manufacturing factory; the price of the housing would be higher than a pound of a pound of a pound of a pound.
"《扬城晚报》/记者赵彦华：今天下午，至少有13家开发商参与了竞购建宏化工厂地块的争夺。该地块位于天河区黄浦路，属于二类住宅用地（R2），占地面积为17,304平方米（可建设用地面积为15,178平方米），总建筑面积为45,534平方米。","Yangcheng Evening News/Reporter Zhao Yanhua: This afternoon, not less than 13 developers competed for the Jianhong Chemical Plant site. The Jianhong Chemical Plant site at Huangpu Road in Tianhe District is a Class 2 land parcel for residential use (R2), with site area of 17,304 m2 (land available for construction: 15,178 m2), and gross floor area of 45,534 m2.","The newspaper, a few developers took a clash with a proposal to establish a massive manufacturing warehouse in the province of Chongqing, which contains a residential housing (R2), which contains a residential housing (R2), which contains a residential housing capacity of 15,54 square meters (R2), which contains a residential housing capacity of 15,54 square meters (a total capacity of 15,178 square meters)."
对于该地块上的中小型建筑项目，有一些具体要求：在该地块上，用于建设面积不超过90平方米的住宅单元的建筑物的总建筑面积占比应不低于60%。,There are requirements for small and medium-sized units for the site. The proportion of built-up gross floor area for the development of residential units 90 m2 and below should not be less than 60% at this site.,"The proposal for the larger buildings, which would be a significant requirement: a larger housing project would be limited to 60% of the total buildings located in the housing area."
根据该地块中小型住宅单元的最大建筑面积计算，该地块至少可以建设303套中小型住宅单元。,"Based on the largest floor area of a small to medium-sized unit, at least 303 small and medium-sized units could be offered at this site.","The largest housing capacity of the entire residential unit, which would operate a few larger residential unit."
据悉，该地块位于黄埔立交桥的正东方向，与广州天河建筑设计研究院隔路相望。地块周边的配套设施非常齐全。这是今年天河区首次挂牌出售的住宅用地项目。,"It is understood that this site is located directly east of Huangpu Interchange, and across the road from Guangzhou Tianhe Architecture Design Institute. Amenities around the site are comprehensive. It is the first listing of a residential site in the Tianhe District this year.","The estate is located in the southern corner of the border, along with the Guangdong Environmental Design Institute, which is a very very efficient and a very sustainable housing project in the province."
"在白云区同和东坑的Chan Chu Shi North Road，还有一块用于住宅建设的二级土地（R2类）今日挂牌出售。该地块面积为32,891平方米（可用于建设的土地面积为30,965平方米），总建筑面积为92,895平方米。挂牌起始价为6.1311亿元人民币，相当于每平方米6,600元人民币（按容积率计算）。","Elsewhere, a Class 2 land parcel for residential use (R2) at Chan Chu Shi North Road, Tonghe Dongkeng, Baiyun District, was also offered for sale today, with site area of 32,891 m2 (land available for construction: 30,965 m2), and gross floor area of 92,895 m2. The listed starting price was RMB613.11 million, equivalent to RMB6,600 per m2 per plot ratio.","The former housing estate in the southern corner of the Lower Road, which holds a third-quarter housing located in the southern corner of the Lower Road, has already owned a residential estate (R2), which holds a roughly $62 million ($6 million)."
这块土地是白云区今年首次推出的住宅用地项目。与以往的住宅项目类似，该项目也要求建设中小户型住宅（面积在90平方米及以下），这类住宅的比例需达到30%。,"This land parcel is the first residential site offered for sale in Baiyun District this year. Similarly, there are requirements for small and medium-sized units (90 m2 and below), with the proportion at 30%.","The estate is a residential project that requires a large-scale housing project that requires a large-scale housing (approximately 90 square meters and equivalent), which would require a larger housing (approximately 90 square meters and equivalent)."
该地点位于广州地铁3号线的延伸段东侧，具体处于通和站与景西南坊医院站之间的道路路段上。,"The site, with the extended Guangzhou Metro Line 3 passing through its east side, is located at the section of the road between Tonghe and Jingxi Nanfang Hospital stations.","The venue is located in the junction of the Chongqing Railway Road, which is located in the junction of the junction of the Railway Road, which is located in the junction of the agricultural hospital."
“每天处理10亿件包裹的目标可以在不到八年的时间内实现；很可能在六到七年内就能达成。”阿里巴巴董事长马云在昨天于杭州余岐镇举行的“2017年全球智慧物流峰会”上表示。,"“1 billion parcels per day can be achieved in less than eight years; probably in about six to seven years,” said Alibaba Chairman Jack Ma yesterday at the “2017 Global Smart Logistics Summit” held in Yuqi township, Hangzhou.","The goal of a thousand million sheets of waste would be reached in the Hangzhou Convention Center in Hangzhou, where the capacity to restore a few years, would be reached in the beginning of the 2017 Global Smart Infrastructure Conference in Shanghai."
在峰会上， Cainiao Networks 公布了其全新的品牌标识，并介绍了 ACE 绿色智能物流车辆项目。该公司还宣布将与多家知名汽车制造商合作，共同生产 100 万辆采用可再生能源驱动的智能物流车辆。目前，这些新型车辆已在深圳和成都进行了测试，结果显示其运营成本降低了 20% 以上。,"At the Summit, Cainiao Networks unveiled its new brand logo and the ACE green smart logistics vehicle plan. It also announced that it will build one million “smart” renewable energy logistics vehicles with numerous renowned automakers. Currently, the new vehicle has undergone trials in Shenzhen and Chengdu, with cost savings of more than 20%.","In the meeting, Cainiao Networks has announced its new brand name, and announced that they have developed a new brand of innovative vehicles, which would be tested by a leading automobile manufacturer, which has announced that the capacity of a massive capacity of 100 million cars using sustainable energy driven vehicles."
2016年，中国的快递行业实现了连续六年的增长，年增长率超过50%；日均处理包裹量达到8000万件，并且允许对配送时间进行相应的调整。,"In 2016, China’s express delivery industry achieved more than 50% growth for six consecutive years, with an average of 80 million parcels per day, with changes in delivery time allowed as well.","The Chinese 快递 industry has reached a decade of growth, which reached a decade of growth, which means that the average consumption amounts to almost 80% of the total supply capacity would be higher than 60% of the total supply time."
这让高阿姨和她的家人非常高兴——他们住在南宁民 Zhu 路上的机械局宿舍里。,"This made Aunt Gao and her family, residents of the Machinery Office dormitory at Minzhu Road in Nanning, very happy.",The announcement would encourage the wife and her family to stay in the streets of Chongqing.
邻居们还表示，金钱树上开花是非常罕见的现象。该住宅区的居民认为这是个非常吉祥的征兆，因此在得知这一消息后纷纷前来围观。,"Neighbors also said that flowers blooming on the money tree is a rare sight. Residents of the housing estate felt that this was very auspicious, and came to take a look out of interest after learning about the matter.",The neighbors also claim that the flowers are a very lucky cause of a very lucky cause.
金钱树的学名是“Malabar Chestnut”，这是一种原产于墨西哥的热带植物。它在温暖潮湿的环境中生长得最好，只有当光照、水分和养分等条件满足时，它才会开花。,"The scientific name for the money tree is “Malabar Chestnut”, a tropical plant native to Mexico. It performs best in warm and damp conditions, and its flowers will only bloom under appropriate conditions such as sunlight, water and nutriments.","The famous name of wealthy trees is “Malabar Chestnut,” a species that is a fossil species that is created in Mexico, where temperature, humidity, and fertility are allowed to grow."
即使在那些气候条件适宜的热带地区，金钱树上开花的情况也非常罕见。有人曾说：“金钱树上开花的可能性仅为千分之一。”,"Even in the wild where tropical conditions are appropriate, flowers blooming on money trees are rare. It was once said that the “chance of flowers blooming is one in a thousand”.","But in those climate conditions, the risk of a few climate conditions, a few would be almost almost half of the risk of a few hundreds of dollars."
昨天早上，记者们来到了位于民竹路的南宁机械办公室宿舍。在高阿姨的带领下，记者们看到了那棵“摇钱树”。,"Yesterday morning, reporters visited the Nanning Machinery Office dormitory at Minzhu Road. Led by Aunt Gao, the reporters saw the money tree.","The visitors visited the streets of Chongqing, where they were visited in the streets of Chongqing."
这棵“摇钱树”被种植在住宅小区的花坛中，高度约为五米；最粗的树枝直径约为三十厘米。它的叶子呈翠绿色，非常茂盛。,"Planted amid the flower bed of the housing estate, the money tree was about five meters tall, and the branch circumference, at its thickest, measured approximately 30 cm. Its leaves were emerald green and luxuriant.","The “scraper” is growing in a residential estate, height of a hundred feet; the largest trees are growing in a residential estate, which contains a massive crop, which contains a thick crop of a hundred feet."
这些花朵开在较高树枝的顶端，完全盛开时的花朵宽度超过了10厘米。它们那细腻的淡黄色花丝均匀地分布在花朵表面；而绿色的花蕾在绽放后，会向两侧卷曲。细长且密集的雄蕊看起来像银色的细线，其顶端还点缀着金色的小“星星”。,"The flowers bloomed at tips of higher branches, and the flowers that were in full bloom were more than 10 cm wide. The delicate pale yellow filaments were evenly spread out, and the green buds, when burst, curled backwards on both sides. The fine and dense stamens resembled silver threads with gold stars at their tips.","The flowers are growing in a lower soil, which contains a thick velvet petals, which appears a thick velvet petal, which contains a velvet velvet petal, which contains a velvet petal."
高阿姨告诉记者，这棵“摇钱树”已经种了八年。刚种下的时候它只有大约一米高，现在已经长到了五米多高。,"Aunt Gao told the reporters that the money tree has been planted for eight years. When it was first planted, it was about one meter tall; it is now more than five meters tall.","The Farmer said that the “house” was growing almost a half years ago, and it was almost a half of the age of a few years ago."
这株植物最初是盆栽的——是她儿子从花卉市场购买的；后来被移栽到了花坛里。她并不需要特别精心照料它，只是偶尔会为它培培土而已。,"It was originally a potted plant when her son first bought it from the flower and bird market, and was subsequently planted in the flower bed. She did not have to take particular care of it, but would occasionally earth it up.","The crop was a crop – a crop that she inherited from flowers market; then moved to a crop market; she would not be able to harvest it, but would be able to harvest it."
随着2018年的到来，国家表演艺术中心特别策划了九场共计11场的新年音乐会。这些音乐会中，优美的音乐旋律陪伴着观众迎接新年的到来；同时，那些感人至深的乐曲也表达了人们对这个节日的最真挚祝福。,"With the advent of 2018, the National Centre for the Performing Arts has specially organized nine sets of 11 New Year concerts. Ingenious musical notes accompanied the audience to usher in the New Year, and moving melodies were played offering the most sincere blessings for the festival.","The National theatre center has organized a few annual music sessions in 2018, which celebrate the most famous celebrations of the year; and, a very gentle music anthem shows a very genuine happiness for the celebration."
从体育观众数量的增加、体育事业的发展，到体育产业的崛起，体育正以更强大的影响力推动着中国社会的前进步伐。,"From the increase of sports crowd, the development of sports undertakings to the rise of sports industry, sports is influencing the progressing pace of Chinese society with more powerful appeal.","The growth of sports fans, rising popularity, and the growth of sports industry, played a more strong role in China’s social society."
"11月4日，清远华侨工业园（QOCIP）管理委员会副主任潘洪代表QOCIP与英德康湖新能源科技有限公司（Yingde Kanhoo New Energy and Technology Co., Ltd.）的董事长左海波签订了《康湖生产基地投资建设合同》。","On November 4, Deputy Director of the management committee of Qingyuan Overseas Chinese Industrial Park (QOCIP), Pan Hong, on behalf of QOCIP, and Zuo Haibo, President of Yingde Kanhoo New Energy and Technology Co., Ltd entered into the “Kanhoo Production Base Investment and Construction Contract”.","The executive chairman of the QOCIP, executive chairman of the QOCIP, chairman of the QOCIP, chairman of the QOCIP, chairman of the QOCIP and chairman of the Yingde Kanhoo New Energy and Technology Co., Ltd., signed the agreement to establish the foundation for the Sustainable Development Initiative."
该公司正式在清远华侨高科技产业基地建立了生产基地，主要生产锂离子电池正极材料。试生产预计将于明年五月开始。当该生产基地达到设计产能时，其产值有望超过30亿元人民币，并有助于将产业链上下游的相关企业引入清远华侨高科技产业基地，从而加速该基地的产业发展。,"The enterprise officially established its plant in Qingyuan Overseas Chinese Hi-Tech Industrial Base, mainly to produce lithium cathode material. Trial production is expected to commence next May. When operating at designed capacity, output value could exceed RMB3 billion, and it could help bring up- and downstream enterprises along the industry chain into Qingyuan Overseas Chinese Hi-Tech Industrial Base, thus accelerating the growth of the Industrial Base.","The company has established manufacturing center, which includes a manufacturing center, which would be designed to produce a massive capacity for a manufacturing center, which would increase the capacity of a larger capacity for a developing capacity for a developing capacity for a developing capacity for a developing capacity for a developing capacity."
这两位政府官员表示，苹果公司上个月向印度政府发送了一封信，信中详细说明了其在印度生产 iPhone 及其他产品的计划，并希望印度政府能在财政政策方面提供优惠支持。,"These two government officials claimed that Apple sent a letter to the Indian government last month, which set forth its plans to produce iPhone and other products in India, and hoped that the Indian government would introduce preferential policies on the fiscal front.","The two governments reported that Apple’s company has released a brief message to India, which explained its proposals in India, which explained the proposals that would provide a benefits for financial policy."
《七彩星报》报道称，在2005年至2011年间，安徽省的GDP实现了从全国排名垫底到跃居第二的惊人飞跃。,"Shichang Xingbao reported that between 2005 and 2011, the GDP of Anhui Province rose from joint “bottom” to second at one stroke.","The Weekly Times reported that in 2005, the GDP reached from the top of the highest levels of the GDP in the country, which reached the top third of the world."
然而，该省的经济增长仍面临诸多挑战，例如投资效率低下，以及工业经济缺乏核心竞争力。为此，该省经济信息中心最新一期的《经济蓝皮书》建议提高经济增长的质量和效益。,"However, the Province’s economic growth continued to experience difficulties such as low investment efficiency, and a lack of core competitiveness in its industrial economy. To this end, the latest issue of the “Economic Blue Paper” of the Province’s Economic Information Center advised raising the quality and benefit of economic growth.","But, the economy has already faced a significant challenge, such as investment efficiency, and industrial economy has lack a core competitiveness."
我们对2005年至2011年间该省经济的一些代表性指标进行了对比，将其与全国及中部地区的相应数据进行了对照分析。,We have made a comparison of some of the representative indices of the Province’s economy between 2005 and 2011 with that of the nation and Central China.,"The following indicators were analyzed in 2005 and 2011, which analyzed the relative indicators of the economy in the region and the southern region."
2011年，从工业经济效益的角度来看，工业能源和原材料等高能耗行业在省内占据了较大的比重，这些行业不得不承受“双重压力”：一方面市场波动对它们产生了显著影响；另一方面产能过剩也加剧了它们的经营困境。与此同时，家用电器、汽车等主导产业缺乏创新动力，导致利润微薄。,"In 2011, in terms of industrial economic benefit, high energy consumption industries such as industrial energy and raw materials, which comprised a relatively large proportion of the Province, had to endure “twin pressures” - they were significantly affected by market volatility as well as overcapacity. At the same time, home appliances, automotive and other leading industries lacked innovation, resulting in slim profits.","The 2011, when industrial energy and machinery remained a large percentage of industries, which have become a large percentage of industries, which have become a significant increase in their supply-side growth; and, while manufacturing deficits have become increasingly significantly negative; while manufacturing deficits have become increasingly significantly increasingly significantly negative; while manufacturing deficits have become increasingly significantly increasingly significantly increas"
与此同时，巨额投资并未带来相应的经济效益，而这正是导致经济增长质量低下、效益不佳的关键因素。,"Meanwhile, enormous investment did not bring about the corresponding economic benefit, which was a key factor leading to poor quality and benefit in economic growth.","The amount of investment has not contributed to a significant economic growth, but it is the key factor that causes growth growth growth growth, and a competitiveness."
对此，专家建议应采取有效措施来激励企业进行创新。同时，高等教育机构和技术研究机构的技术成果也应尽快“转移”给企业。,"As regards this, experts advised that effective measures should be adopted to incentivize enterprises to innovate. The technical outcomes of Institutions of higher learning and technological research institutes should also be promptly “transferred” to enterprises.",The experts suggest that they should encourage companies to innovate.
关于工业经济效益较低的问题，专家们表示应积极推进产业兼并重组，优化产业结构，并延伸产业链。,"As for low industrial economic benefit, experts said that industry merger and reorganization should be actively advanced, industry structure optimized, and the industry chain extended.","The latest question of industrial economic efficiency is that experts would encourage developing manufacturing and expansion, enhancing manufacturing structure, and expand industries."
“希金斯的开局非常完美，我当时甚至以为自己很快就会输掉比赛。但我没有放弃，最终成功扭转了局势，”马可·傅在赛后说道。,"“Higgins had a very perfect start. I thought I might lose the competition very soon. But I didn’t give up, and finally turn the tables,” said Marco Fu after the match.","The victory was a very successful, and I often believe that he could remain a successful game."
这段高强度训练期正好与每支球队冬季训练的关键阶段相吻合。由于每支球队的大部分主力球员都缺席，因此训练效果必然会受到影响。,"Th period of intensive training just meets the key stage of each team’s winter training. With the main force of each team absent, the preparation training will be inevitably affected .","The ultimate phase of a tight training period is a very important step in the overall league, because all players are absent, a lack of a few players are absent."
汽车技术已经发展了一个多世纪，其中许多技术已经相当成熟。不过，未来的汽车用户体验将更加依赖于人机交互。中兴在信息技术（IT）、网络技术以及汽车网络系统方面具有显著优势。,"Automobile technology has developed for more than a century, and a lot of the technology is fairly mature. However, future auto user experience is more dependent on human-machine interaction. ZTE has advantages in the areas of IT, network, and auto networking systems.","The automobile technology has developed a decade, with many technologies have been developed, which have become increasingly advanced."
GMB公司对McVitie公司在格拉斯哥工厂的投资表示担忧,GMB concern over investment at McVitie's Glasgow factory,"The GMB firms’ efforts to invest in McVitie in a manufacturing manufacturing initiative in Lebanon, says that the GMB would be a threat to a lack of a financial crisis."
该工会希望从麦维蒂（McVitie's）这家饼干制造商的管理层那里获得保证，确保该公司会长期维持其在格拉斯哥工厂的生产活动。,A union is seeking reassurance from managers at biscuit maker McVitie's over its long-term commitment to production at its factory in Glasgow.,The 工会 hopes to ensure that the company will be able to ensure that the company will continue to maintain its production activities in the southern province.
GMB Scotland表示，该公司一直未就Tollcross工厂未来的投资计划发表任何意见。,GMB Scotland said the company had been silent over the future of investment at the Tollcross site.,The GMB Scotland says that the company has not published any proposal to a new investment plan for the Transcross factory.
这家工厂有超过500名员工，主要生产“Hobnobs”和“Rich Tea”饼干等系列产品。,"More than 500 people work at the plant, which produces Hobnobs and Rich Tea biscuits, among other products.","The factory has already almost 500 people, including “Hobnobs” and “Rich Tea” foods."
McVitie公司的所有者Pladis表示，过去几年中该公司在该工厂的投资已超过500万英镑。,McVitie's owner Pladis said it had invested more than £5m at the site in the last few years.,The owner Pladis says that the company’s investment in the manufacturing factory was already almost $500 billion.
声明还指出，员工和工会代表“将是最先获知”公司运营情况是否发生变化的人。,"It added employees and union representatives ""will be the first to know"" if there were any changes to its operations.",The statement also reveals that employees and organizations are “the only responsible” for the company’s infrastructure processes.
在致该公司现场经理的一封信中，GMB Scotland呼吁麦维蒂公司（McVitie）“解决资金未能用于生产线现代化改造的问题”。,"In a letter to the company's site manager, GMB Scotland called on McVitie's to ""address concerns that funding is not being brought forward for the modernisation of production lines.""",The GMB Scotland calls for a brief message to the GMB Scotland to address the problem of a manufacturing center of manufacturing infrastructure.
GMB的高级组织者德鲁·达菲（Drew Duffy）表示：“我们无法从该项目的现场管理人员那里获得关于Tollcross未来发展所需的业务安排及投资计划的具体信息，这令我们的成员们感到非常担忧。”,"GMB senior organiser Drew Duffy, said: ""The fact that we cannot get clarity from the general site manager over the business needs and investment plan for the future of Tollcross is deeply concerning our members.","The GMB’s executive officer, Drew Duffy, told that we cannot access to the information that the project’s infrastructure and investment plans and investment plans, which makes our members a very regretful."
数代家庭都曾在这里工作；劳动力主要集中在当地社区以及格拉斯哥大区范围内。在失业率居高不下、社会贫困问题严重的地区，这样的就业体系堪称维持社会稳定与经济发展的关键支柱。,"Generations of families have worked here and the workforce is highly concentrated in the local community and the greater Glasgow area, a crucial pillar of decent employment in an area of high unemployment and social deprivation.",The households have worked in a few years; labor intensive areas are located in the local community and southern areas of the southern province and southern provinces.
因此，从就业、薪酬以及经济繁荣的角度来看，并考虑到脱欧、生活成本上升以及制造业长期衰退的背景，格拉斯哥东区迫切需要在麦克维蒂（McVitie’s）这片地区建立起一个充满活力的制造业基地。,"So, from the perspective of jobs, pay and prosperity, and against the backdrop of Brexit, rising cost of living and chronic manufacturing decline, the east end of Glasgow desperately needs a thriving manufacturing presence at McVitie's.""","The following, according to employment, employment, and economic prosperity, the southern region needs to establish a sustainable manufacturing center in the McVitie’s region."
Pladis公司的一位女发言人表示：“Tollcross工厂的现场经理直到昨天才收到GMB Scotland公司寄来的信件。该公司将会直接作出回应，因为我们非常重视与员工及工会代表的持续沟通与合作。”,"A spokeswoman for Pladis said: ""The site manager at Tollcross received a letter from GMB Scotland only yesterday and the company will be responding directly as we value ongoing engagement with employees and union representatives.","The former Chief of the GMB Scotland company said that the GMB Scotland has already received a brief from the GMB Scotland company, because we are very proud to maintain cooperation with workers and organizations."
两个月前，我们在托尔克罗斯（Tollcross）与员工及GMB（General Management Board）的代表们举行了一次例会，会上就许多问题进行了坦诚的讨论。,We had a regular meeting with employees and GMB representatives at Tollcross two months ago at which a number of issues were discussed openly.,"The two months ago, we took a meeting with employees and GMB’s General Management Board, which took a remarkable discussion."
我们当时与员工们进行了沟通，告诉他们：与所有在竞争激烈且经济环境充满不确定性的环境中运营的公司一样，我们一直在持续地对自身的运营情况进行评估（这一评估涵盖了我们所有的业务和分支机构），以便保持竞争力。,"We discussed with employees then that like all companies operating in an extremely competitive and uncertain economic climate, we review our operations on an ongoing basis - and that applies across our all our businesses and sites - in order to remain competitive.","The workers were talking about workers who have already told us that a few businesses and associated organizations in competitive and economic environment, we have continued to assess their performance (which includes all businesses and associated institutions), and that we have continued to maintain competitiveness."
她补充道：“近年来，我们在 Tollcross 工厂投入了超过 500 万英镑的资金，主要用于生产线的升级以及运营流程的优化。”,"She added: ""In recent years, we have invested over £5m in our Tollcross site, notably on production lines and operational improvements.","The worker added that “Since the recently, we invested a huge amount of dollars in a tollcross factory, which would be spent on a few billion dollars in manufacturing lines, including manufacturing processes, and infrastructure processes.”"
我们充分认识到 Tollcross 作为制造基地所拥有的历史价值；如果该基地的运营方式有任何变化，员工及其工会代表将会是最早获知这些信息的人。,"We fully recognise the heritage of Tollcross as a manufacturing site and should there be any changes to our operations at the site, employees and their union representatives will be the first to know.""","The importance of Tollcross is that it is a manufacturing center; if it is a changing strategy, the employees and 工会s will be a leading contributor to these information."
中国新闻社西藏分社5月11日电（陈涛斌）西藏自治区体育局副局长尼玛次仁10日在珠穆朗玛峰北坡大本营表示，珠穆朗玛峰北坡生活垃圾的清理工作将从过去的公益行动，转变为由中国政府主导、国际社会参与的常态化行动。,"China News Service Tibet, May 11 wire (Chen Taobin) Nyima Tsering, Deputy Director of the Tibet Autonomous Region Sports Bureau said at the Everest North Base Camp on the 10th that the cleaning up of domestic waste on the northern slope of Mount Everest will move from a public interest action in the past toward a normalized action led by the Chinese government and in which the international community will participate.","The Chinese News Agency, a former chief executive of the Southeast Asia Olympic Committee, announced that the removal of waste waste would be driven by the traditional initiatives of the traditional initiatives of the traditional initiatives of the Islamic State, which would be a temporary effort to promote, and international community."
5月10日，环保志愿者将已经分类好的垃圾装上了卡车。,"On May 10, environmental protection volunteers loaded rubbish that have been sorted onto trucks.",The environmental workers will have already published a bottle of waste.
中国新闻社/何鹏雷：在过去的10年左右时间里，随着珠穆朗玛峰探险者和游客数量的显著增加，环境保护问题变得越来越突出。,"China News Service/He Penglei: In the last 10 years or so, environmental protection issues at Mount Everest have become increasingly prominent as the number of Mount Everest explorers and tourists increased significantly.","The Chinese News Agency/Dao Jinping: In the past 10 years, a significant increase in environmental protection problems in the Himalayan mountains and tourists remains increasingly growing."
1997年春天，西藏自治区登山协会首次对珠穆朗玛峰北坡进行了清理工作，清除了20世纪60至70年代遗留下来的氧气罐及其他生活垃圾。这段视频还在当年于京都举行的《联合国气候变化框架公约》缔约方大会上进行了特别播放，引起了全球的广泛关注。,"In the Spring of 1997, the Tibet Autonomous Region Mountaineering Association initiated the first clean-up on the Northern slope of Mount Everest, cleaning up oxygen tanks and other domestic waste left over from the 1960s and 1970s. This video was also specially broadcast at the Conference of the Parties to the United Nations Framework Convention on Climate Change in Kyoto that year, drawing world attention.","The annual video of the Himalayan Mountains, which was a celebration of the Climate Change Framework, which was published in 1997, which was a very interesting video in the Geneva Convention on the Climate Change Framework, which took place in the summit of Kyoto, which was a very significant impact on global awareness."
据尼玛·策林（Nyima Tsering）介绍，1997年后，许多公益组织陆续前来协助清理珠穆朗玛峰北坡的垃圾，但参与其中的大多数人都不是专业人士。,"According to Nyima Tsering, after 1997, public interest groups arrived successively to help clean up the Northern slope of Mount Everest, but most of the participants were non-professionals.","The Nimisha Tsering reported that 1997, many organizations have already visited the streets of Himalayan mountains, but most of the workers have already visited the streets."
三年前，巴黎圣日耳曼（PSG）是否曾向巴塞罗那（Barcelona）警告过他们有意收购内马尔（Neymar）？,Did PSG warn Barcelona about move for Neymar three years ago?,The Paris PSG has warned that they are willing to sell Neymar (Neymar)?
拉利加俱乐部（La Liga）方面可能会为自己的引援计划感到后悔——毕竟他们对马尔科·维拉蒂（Marco Verratti）的兴趣实在过于强烈了。,La Liga side may rue their interest in Marco Verratti,The La Liga may be regretful – because they are willing to believe that they are willing to raise their goals – because they are a very sensitive to Marco Verratti.
巴黎圣日耳曼在向巴塞罗那提出1.89亿英镑的报价（该报价足以触发内马尔的转会条款）后，仍不会放弃对内马尔的追求。不过，他们在三年前是否曾向巴塞罗那警告过这一可能创下转会纪录的巨额交易呢？,"Paris Saint-Germain will not let up in their pursuit of Neymar after lodging a £189m offer to trigger his release clause, but did they warn Barcelona of the world-record raid three years ago?","The Paris would not believe that they have already signed a 1.89 billion dollar worth of a pound of sterling (which would be a guarantee for the ECB’s withdrawal agreement) in the last three years, but they have already told the ECB that they would not be able to reject the promise of a massive financial agreement that would be a huge amount of a massive financial agreement that would be a huge amount of a"
这种引人注目的转会策略彻底改变了夏季转会市场的格局。这家法甲俱乐部准备打破现有的转会纪录——其转会费用将远超之前的纪录（上赛季保罗·博格巴以8900万英镑的价格重返曼联）。,"The sensational approach has lit up the summer transfer window, with the Ligue 1 club ready to break the world transfer record by more than double the previous mark, which saw Paul Pogba return to Manchester United last season for £89m.",The latest shift strategy changed the overall economy of the summer crisis – which would become a huge amount of a few years ago – a pound of a pound of a pound of a pound of a pound of a pound of a pound of a pound of a pound of a pound of a pound of a pound of a pound of a pound of a pound.
一旦转会完成，内马尔将成为世界上最昂贵的球员，同时也是全球收入最高的职业运动员。巴黎圣日耳曼俱乐部为他提供的周薪（税后）超过了50万英镑。,"Once completed, the move will see Neymar become the world's most expensive player and also the highest-paid professional sportsman in the world, with PSG offering wages of over £500,000-a-week after tax.","The following steps will be completed, Nicolas Sarkozy will be the world’s most expensive player, and the world’s highest income athlete."
据悉，巴塞罗那对此次转会操作的方式以及内马尔强行离开俱乐部的行为感到非常愤怒。不过，一位接近巴塞罗那董事会的人士坚称，自内马尔2013年从桑托斯转会而来后，俱乐部一直尽最大努力照顾他。,"Barcelona are known to be furious with the manner of the approach and the way that Neymar has forced his way out, despite a source close to the Catalans' board insisting that the club have always done their best to look after him since his arrival from Santos in 2013.","The following, a former executive who spoke to the following negotiations and the failure of a former chairman of the ECB, believed that the club has always been able to help him."
但是，三年前巴黎圣日耳曼（PSG）的主席是否就已经向整个足球界预警过这种可能性呢？,But was the football world warned of this prospect three years ago by the PSG president?,"But, when the PSG’s president was already reported to the soccer world?"
2014年，当曼城表示有意签下布莱斯·马图伊迪时，纳赛尔·阿尔-赫莱菲向任何试图引进巴黎圣日耳曼顶级球员的俱乐部发出了严厉警告。,"When Manchester City expressed an interest in signing Blaise Matuidi in 2014, Nasser Al-Khelaifi had a stern warning for any club looking to sign one of PSG's best players.","The 2014, when Cameron announced that he would choose a former captain in Munich, a former captain in the United Kingdom, a threat to a league that would be a threat to a league that would be a threat to a league that would be a winner of the league."
“我并不担心，因为他们知道：如果他们敢触碰我们的任何一名球员，我们一定会与他们对抗，并且会联系他们的球员。”阿尔-赫莱菲说道。,"""I am not worried because they know that if they touch one of our players, then we will be in opposition to them, we'll contact their players,"" Al-Khelaifi said.","They are not concerned, because they know that if we are able to catch our players, we will always negotiate with them, and we will always contact them."
“我们尊重所有的俱乐部。”,"""We respect all clubs.",The membership is a privilege.
但如果他们试图签下我们的任何一名球员，他们将会面临相应的后果。,"But if they try to sign one of our players, they'll face consequences.""","But if they would choose our players, they will face a further damage."
巴塞罗那似乎已经越过了这条“界限”；早在今年夏天，这家西班牙俱乐部就表示了对巴黎圣日耳曼中场球员马可·维拉蒂的兴趣。,"Barcelona appear to have crossed this line, with the Spanish club expressing an interesting in PSG midfielder Marco Verratti earlier this summer.",The Spanish club has already reached this “point”; when the Spanish club announced that the Spanish club has announced that the opportunity to raise their interests in the Munich soccer team.
巴黎圣日耳曼明确表示，他们绝不会允许这位意大利国脚在任何情况下离开球队；而巴塞罗那很可能因此而遭受重大损失——他们最宝贵的资产之一内马尔即将离队。,"PSG made it clear that they would not allow the Italy international to leave under any circumstances, and Barcelona could well be feeling the repercussions of that interest by losing one of their prize assets in Neymar.",The Paris Mayor reveals that they cannot allow him to leave a league without any reason; but the Catalan would not allow him to return to the league; and the Catalan would probably be able to leave a few times.
由中国国家电网有限公司（SGCC）与国际电工委员会（IEC）共同主办的国际可再生能源发展与技术大会最近在德国法兰克福举行。,"By staff reporter Wang Yichen: The International Conference on Renewable Energy Development and Technology jointly organized by State Grid Corporation of China (SGCC) and the International Electrotechnical Commission was held in Frankfurt, Germany recently.",The International Energy Development and Technology Conference in Germany has been organized in Germany in Germany.
目前，加快可再生能源的发展以及推动向清洁、低碳能源的转型已成为全球性的趋势。,"At present, accelerating the development of renewable energy, and advancing transformation toward clean and low-carbon energy have become a global trend.",The growth of renewable energy and increasing renewable energy growth and further growth in renewable energy are the global trend.
然而，可再生能源的大规模开发与应用仍面临着系统安全性、远距离传输、技术经济性等方面的问题与挑战，这些都需要被认真应对并加以解决。,"However, large-scale development and use of renewable energy continued to be assailed by system security, long-distance delivery, technology economic and other issues and challenges that need to be confronted and resolved.","But, a large expansion of renewable energy has already struggled to avoid a lack of efficient implementation and implementation, which need to be handled by experts and advised."
国家电网有限公司董事长舒印彪透露，该公司正在计划扩大同步电网的规模，以加强现有的区域电网之间的互联互通。到2020年，区域间的电力传输能力将提升至约3亿千瓦。,"SGCC Chairman Shu Yinbiao revealed that the company was in the process of planning to expand the size of the synchronous power grid so as to strengthen the existing regional power grid interconnection. By 2020, inter-regional power transmission capacity will increase to about 300 million kW.","The chairman of the National电网, Chief of Energy Corporation, announced that the company will increase capacity to expand integrated 电网s, which will increase capacity to increase capacity to increase capacity to increase capacity to increase capacity to increase capacity to increase capacity to almost three billion tons of electricity."
我们的驻场记者在8月初了解到：在今年上半年，某些风力发电场中的风力涡轮机被暂时停运的现象在“北部三个”风力发电区域相当普遍。,"Our staff reporter learned at the beginning of August that in the first half of the year, it was understood that operations of certain wind turbines being suspended in wind farms was a fairly common phenomenon in the “three northern” wind power regions.","The closest observers have reported that some heavy-electric vehicles were already closed in the early July, which remains a relatively increasingly growing in the “southern two” climate plants."
盐城市的可再生能源（如风能和光伏发电）占江苏省可再生能源总量的70%。沿海地区开发的可再生能源均在当地生产和消费，这些能源在盐城市展现出了巨大的优势与潜力。,"Yancheng’s renewable energy such as wind power and PV, accounts for 70% of Jiangsu’s total. Renewable energy developed along the coast is produced and consumed locally, and has displayed enormous advantages and potential in Yancheng.","The rivers’ sustainable energy (such as wind energy and solar electricity) remains 70% of the province’s capacity to produce and consume, which contributed to a huge advantage and potential."
1月3日新闻：记者昨日从广州花市办公室获悉，2008年春节花市的招标工作即将开始。,January 3 news: Reporters learned from the Guangzhou Flower Market Office yesterday that the Spring Festival flower market will begin receiving bids for the 2008 Spring Festival flower market soon.,"The news of the January 3 news: According to the Guangzhou Convention Center, the proposals for 2008 would be completed."
花都区分别于上个月的29日和30日，就柑橘展位和花卉展位的建设项目举行了招标活动。,"Huadu District held tenders for the tangerine and flower booths on the 29th and 30th last month, respectively.","The gardens are located in the October and 30th, which took a consultation on a proposal for a planting project in the crops and flowers."
广州市越秀区档案局正在整理和收集数百张关于春节花市的历史老照片（这些照片拍摄于大约50至60年前），并计划于2008年1月8日在越秀文化艺术中心公开展出这些照片。当春节花市在1月底建成之后，这些老照片的展览地点将移至北京路的Grandbuy百货商店。,"Guangzhou Yuexiu Archives Bureau is organizing and collecting hundreds of historic old photos of Spring Festival flower markets (photographed some 50 to 60 years ago), and will publicly exhibit them at the Yuexiu Culture Artistic Center on January 8, 2008. When the flower markets are being constructed at the end of January, the exhibition of these old photos will be moved to Grandbuy Department Store at Beijing Road.","The Guangdong 档案 Department has published and collected thousands of images from the historical images of the autumn flowers (which were photographed in the early 50 years), and planning to establish a exhibition where the images were published in the October 8 in the Grandbuy store."
在其他地方，越秀区文化局也将举办一场花市论坛，邀请广州的老领导、民俗专家、知名人士以及北京路的原住民等人士共同探讨北京路和西湖路花市的历史与发展前景。,"Elsewhere, the Cultural Bureau of Yuexiu District will also hold a flower market forum, and will invite old Guangzhou leaders, folklore experts, celebrities, old residents of Beijing Road and others to come together to talk about the history and future development of Beijing Road and West Lake Road flower markets.","In other areas, the Cultural Center will gather a celebration of a celebration of a celebration of a celebration of a celebration of a celebration of a traditional leadership, a traditional historian, a famous historian, a famous historian, and a famous visitor to Beijing and a famous visitor to Beijing."
花卉市场论坛将联系网络媒体进行在线直播，并与当地居民进行实时互动。,"The flower market forum will contact Internet media to carry out online broadcast, and will conduct live interaction with residents.","The Farmer Market Forum will invite local residents to broadcast their Internet media, and broadcast their local people."
此外，线上花卉市场也将向公众开放。通过利用住宅小区的信息网络，系统会向那些打算前往北京路商业区或西湖路花卉市场参观购物的居民发送关于这些市场的简要介绍和相关信息。居民们可以使用手机浏览这些“线上花卉市场”。,"In addition, online flower markets will be made accessible. By using the information networks of housing estates, brief introductions and messages about the flower markets will be sent to residents who intend to visit and shop at the Beijing Road business district and West Lake Road flower market. Residents may browse the “online flower markets” on their mobile phones.","The online crop market will open to public visitors, using Internet Internet, which allows residents to visit the markets in the residential areas or the borders of the borders or the borders of the borders of the borders or the borders of the borders."
"2015年，也就是禁止从死刑犯身上摘取器官的那一年，中国公民在去世后共捐献了2,776个器官，同时完成了10,057例器官移植手术，创下了新的纪录。","In 2015, the year when harvesting the organs of death row inmates was forbidden, there were 2,776 cases of organ donations from Chinese citizens upon death, and 10,057 organ transplant surgeries performed, setting a new record.","The 2015 anniversary of the killing of the Chinese citizens, which took a few thousand pieces of instruments, took a new record."
过去，《临川四梦》总是以昆曲的形式在舞台上演出；而这部作品在被改编成剧本后再次被搬上舞台进行表演，这还是第一次。,"In the past, the “Four Dreams of Linchuan” would be performed on stage in the Kunqu style. The performance of this piece after it was adapted into a play, is a first.","The past, the Lost Promises always played in theatre; and the film was released in theatre; and the film was released in theatre, which was released in theatre."
在决赛中对阵马可·傅时，希金斯连续击球得分三次，从而以4-1领先。,"In the finals against Marco Fu, Higgins scored three consecutive shots and got a 4-1 lead.","In the final, a winner played in a semifinal, played in a third victory, which took a third victory."
标有“四川制造”的可再生能源汽车逆势而上。随着财政补贴的减少、充电设施的不足，以及三元锂电池在可再生能源乘用车中的使用被暂停，国内可再生能源汽车市场面临着持续上升的压力……,"“Made in Sichuan” renewable energy vehicles rose against the tide. Weakening fiscal subsidies, inadequate charging facilities, and ternary lithium batteries suspended from use in renewable energy passenger vehicles; in the face of prevailing upward pressures in the domestic renewable energy automobile market",The rising deficit of a “Chinese manufacture” automobile is a weaker threat to a renewable energy vehicle.
在第16届中西部国际博览会（以下简称“WCIF”）的第一阶段展览中（展览时间为11月3日至6日），包括成都、南充和雅安在内的六个城市和地区展示了他们在先进制造业领域的发展成果。其中，可再生能源汽车尤为引人注目——多家企业推出了多款新型新能源汽车，引发了业界的高度关注。,"In the Phase I exhibition of the 16th Western China International Fair (hereinafter referred to as “WCIF”), which was held between November 3 and 6, six cities and prefectures including Chengdu, Nanchong and Ya’an, exhibited their development achievements in the advanced manufacturing sector. Renewable energy vehicles shone in particular, with the launch of various new vehicles, attracting widespread attention in the industry.","The first annual event in the WCIF, which took place in the first stage of the World Trade Expo (WCIF), including a few cities and regions, including a few cities and regions, including a few cities and regions, including a few cities and regions, including a few cities and regions, including a few cities and regions, including a few cities and regions, including a few cities and cities, including a few cities and "
目前，由于财政补贴力度减弱、充电设施不足，以及三元锂电池被禁止用于可再生能源乘用车，国内可再生能源汽车市场正面临暂时性的压力。,"At present, the domestic renewable energy automobile market is temporarily under pressure because of weakening fiscal subsidies, inadequate charging facilities, and ternary lithium batteries being suspended from use in renewable energy passenger vehicles.","The current crisis, because the fiscal incentives increases, emissions restrictions, and a lack of electricity capacity, and a limited capacity for a renewable energy vehicle, the country’s sustainable economy is already a serious pressure."
然而，标有“四川制造”的可再生能源汽车逆势而上，成功进入了乘用车和商用车市场。他们为何如此自信呢？,"However, “Made in Sichuan” renewable energy vehicles rose against the tide, and have made major forays into the passenger and commercial vehicle sub-markets. Why so confident?","But, a combination of “China manufacture” vehicles, successfully entered the automobile market to operate vehicles and 商用 cars."
"本报记者：赵泽宇  
当前情况：重点培养“顶尖人才”  
最近，“四川制造”的可再生能源汽车成为新闻报道的热门话题。",Staff reporter Zhao Zeyu. Current situation: Focus on developing “top students” “Made In Sichuan” renewable energy vehicles have dominated the news lately.,The current situation: a leading employer to become “high-level talent” in the recent “China production” vehicles are a popular news news.
在收购东风南充汽车有限公司不到八个月的时间后，吉利控股集团（以下简称“吉利集团”）全新的商用车品牌“远程”于10月26日正式亮相。作为吉利集团首款搭载智能汽车联网平台的纯电动轻型卡车，远程E200在武汉国际汽车工业博览会上首次公开亮相。,"Less than eight months after acquiring Dongfeng Nanchong Automobile Co., Ltd., Geely Holding Group’s (hereinafter referred to “Geely Group”) brand new commercial vehicle brand “Yuan Cheng” made its debut on October 26. Yuan Cheng E200, Geely Group's first pure electric light truck equipped with a smart auto networking platform premiered at WCIF.","In the acquisition of the Toyota Hyundai Hyundai, the new portable automobile brand “远程” was launched in September 26 in the Geneva International Motor Expo."
值得一提的是，在今年企业工资指导线的增长速度基本持平或下降的情况下，北京和贵州两地仍提高了最低工资标准。,"It is worth mentioning that under circumstances where the rate of growth of the enterprise wage guidelines this year was mainly flat or down, the minimum threshold in Beijing and Guizhou was raised.","The growth rate of employment guidelines is increasingly stable or rising, China and Shanghai are increasingly lower than the average wage standards."
新华社伦敦1月9日电（记者王自江）英国体育部门9日宣布，英国代表团在即将在韩国平昌举行的冬季奥运会上的目标为至少赢得5枚奖牌。这将是英国代表团在冬季奥运会历史上设定的“最佳目标”。,"Xinhua News Agency London January 9 wire (Reporter Wang Zijiang) On the 9th, UK Sport announced Great Britain’s target for next month’s Winter Olympics to be held in PyeongChang, South Korea: Win at least five medals. This would Team GB’s “best ever” target in the history of the Winter Olympics.",The BBC announced that the UK representatives in the United Kingdom announced that the UK representatives will choose to win five prize winners in the coming autumn tournament in the South Korea.
英国体育部门负责为各项奥运赛事分配资金，并为每项赛事设定奖牌目标。,"UK Sport is responsible for allocating funds to the various Olympic events, and for setting the medal targets for each event.","The UK athletic sector responsible for a financial contribution to all tournaments, and a prize goal to each event."
据预测，英国运动员有望在以下项目中赢得奖牌：单板滑雪、冰壶、 skeleton 项目（一种速度滑冰项目）以及短道速滑。,"It is predicted that events UK athletes have hopes of winning a medal are snowboarding, curling, skeleton and short track speed skating.","The UK athletes will earn a prize in these projects: a heavy-speed fishing project, a heavy-speed fishing project, and a tight-speed climb."
在上一个冬季奥运周期中，英国体育部门共拨款3200万英镑（约合2.8亿元人民币）用于冬季奥运项目的训练工作，这一金额是索契冬奥会周期期间训练经费的两倍。,"In the last Winter Olympic cycle, UK Sport has allocated a total of GBP32 million (approximately RMB280 million) to fund training for the Winter Olympic Game events, doubled that of the funding for the Sochi Winter Olympic cycle.","The UK athletic sector has provided $2.8 trillion ($2.8 trillion) for a 冬季 Olympic program, which is a third of the annual Olympic cycle."
大部分资金来自国家彩票，其余部分由政府提供。,"Most of the funding was sourced from the National Lottery, with the balance funded by the government.","The most funds are already being provided by governments, and the rest are provided by government."
英国将获得金牌的希望寄托在两位运动员身上：一位是短道速滑选手伊莉丝·克里斯蒂（Elise Christie），她在去年的世界锦标赛上获得了三枚金牌；另一位是莉齐·亚诺尔德（Lizzy Yarnold），她曾是奥运会 skeleton 项目的冠军。,"The UK has pinned its hopes for the gold medal on two people - short track speed skater Elise Christie, a triple gold medalist at last year’s world championships, and Lizzy Yarnold, the previous skeleton Olympic champion.","The UK will deserve a prize for a third athlete: a teenager, Elise Christie, who was a winner in the World Cup; a third is a winner in the World Cup; a second is a winner in the tournament."
在2014年索契冬季奥运会上，英国代表团获得了一枚金牌、一枚银牌和两枚铜牌，这是自1924年首届冬季奥运会以来英国代表团取得的最佳成绩。,"At the Sochi Winter Olympics in 2014, Team GB won one gold, one silver and two bronzes, the best tally since the inaugural Winter Olympics in 1924.","The UK officials have earned a prize, a prize, and a prize of a prize, which was the best achievement of the UK’s annual Olympic Games."
